{
  "provinces": [
    {"code": "01", "name": "An Giang"},
    {"code": "02", "name": "Bà Rịa - Vũng Tàu"},
    {"code": "03", "name": "Bình Dương"},
    {"code": "04", "name": "Bình Phước"},
    {"code": "05", "name": "Bình Thuận"},
    {"code": "06", "name": "Bình Định"},
    {"code": "07", "name": "Bạc Liêu"},
    {"code": "08", "name": "Bắc Giang"},
    {"code": "09", "name": "Bắc Kạn"},
    {"code": "10", "name": "Bắc Ninh"},
    {"code": "11", "name": "Bến Tre"},
    {"code": "12", "name": "Cà Mau"},
    {"code": "13", "name": "Cao Bằng"},
    {"code": "14", "name": "Cần Thơ"},
    {"code": "15", "name": "Đà Nẵng"},
    {"code": "16", "name": "Đắk Lắk"},
    {"code": "17", "name": "Đắk Nông"},
    {"code": "18", "name": "Điện Biên"},
    {"code": "19", "name": "Đồng Nai"},
    {"code": "20", "name": "Đồng Tháp"},
    {"code": "21", "name": "Gia Lai"},
    {"code": "22", "name": "Hà Giang"},
    {"code": "23", "name": "Hà Nam"},
    {"code": "24", "name": "Hà Nội"},
    {"code": "25", "name": "Hà Tĩnh"},
    {"code": "26", "name": "Hải Dương"},
    {"code": "27", "name": "Hải Phòng"},
    {"code": "28", "name": "Hậu Giang"},
    {"code": "29", "name": "Hòa Bình"},
    {"code": "30", "name": "Hưng Yên"},
    {"code": "31", "name": "Khánh Hòa"},
    {"code": "32", "name": "Kiên Giang"},
    {"code": "33", "name": "Kon Tum"},
    {"code": "34", "name": "Lai Châu"},
    {"code": "35", "name": "Lâm Đồng"},
    {"code": "36", "name": "Lạng Sơn"},
    {"code": "37", "name": "Lào Cai"},
    {"code": "38", "name": "Long An"},
    {"code": "39", "name": "Nam Định"},
    {"code": "40", "name": "Nghệ An"},
    {"code": "41", "name": "Ninh Bình"},
    {"code": "42", "name": "Ninh Thuận"},
    {"code": "43", "name": "Phú Thọ"},
    {"code": "44", "name": "Phú Yên"},
    {"code": "45", "name": "Quảng Bình"},
    {"code": "46", "name": "Quảng Nam"},
    {"code": "47", "name": "Quảng Ngãi"},
    {"code": "48", "name": "Quảng Ninh"},
    {"code": "49", "name": "Quảng Trị"},
    {"code": "50", "name": "Sóc Trăng"},
    {"code": "51", "name": "Sơn La"},
    {"code": "52", "name": "Tây Ninh"},
    {"code": "53", "name": "Thái Bình"},
    {"code": "54", "name": "Thái Nguyên"},
    {"code": "55", "name": "Thanh Hóa"},
    {"code": "56", "name": "Thừa Thiên Huế"},
    {"code": "57", "name": "Tiền Giang"},
    {"code": "58", "name": "TP. Hồ Chí Minh"},
    {"code": "59", "name": "Trà Vinh"},
    {"code": "60", "name": "Tuyên Quang"},
    {"code": "61", "name": "Vĩnh Long"},
    {"code": "62", "name": "Vĩnh Phúc"},
    {"code": "63", "name": "Yên Bái"}
  ],
  "districts": {
    "01": [
      {"code": "0101", "name": "Thành phố Long Xuyên"},
      {"code": "0102", "name": "Thành phố Châu Đốc"},
      {"code": "0103", "name": "Huyện An Phú"},
      {"code": "0104", "name": "Huyện Châu Phú"},
      {"code": "0105", "name": "Huyện Châu Thành"},
      {"code": "0106", "name": "Huyện Chợ Mới"},
      {"code": "0107", "name": "Huyện Phú Tân"},
      {"code": "0108", "name": "Huyện Thoại Sơn"},
      {"code": "0109", "name": "Huyện Tịnh Biên"},
      {"code": "0110", "name": "Huyện Tri Tôn"}
    ],
    "02": [
      {"code": "0201", "name": "Thành phố Vũng Tàu"},
      {"code": "0202", "name": "Thành phố Bà Rịa"},
      {"code": "0203", "name": "Huyện Châu Đức"},
      {"code": "0204", "name": "Huyện Côn Đảo"},
      {"code": "0205", "name": "Huyện Đất Đỏ"},
      {"code": "0206", "name": "Huyện Long Điền"},
      {"code": "0207", "name": "Huyện Tân Thành"},
      {"code": "0208", "name": "Huyện Xuyên Mộc"}
    ],
    "03": [
      {"code": "0301", "name": "Thành phố Thủ Dầu Một"},
      {"code": "0302", "name": "Thành phố Dĩ An"},
      {"code": "0303", "name": "Thành phố Thuận An"},
      {"code": "0304", "name": "Thị xã Bến Cát"},
      {"code": "0305", "name": "Thị xã Tân Uyên"},
      {"code": "0306", "name": "Huyện Bàu Bàng"},
      {"code": "0307", "name": "Huyện Dầu Tiếng"},
      {"code": "0308", "name": "Huyện Phú Giáo"}
    ],
    "14": [
      {"code": "1401", "name": "Quận Ninh Kiều"},
      {"code": "1402", "name": "Quận Ô Môn"},
      {"code": "1403", "name": "Quận Bình Thủy"},
      {"code": "1404", "name": "Quận Cái Răng"},
      {"code": "1405", "name": "Quận Thốt Nốt"},
      {"code": "1406", "name": "Huyện Vĩnh Thạnh"},
      {"code": "1407", "name": "Huyện Cờ Đỏ"},
      {"code": "1408", "name": "Huyện Phong Điền"},
      {"code": "1409", "name": "Huyện Thới Lai"}
    ],
    "15": [
      {"code": "1501", "name": "Quận Hải Châu"},
      {"code": "1502", "name": "Quận Thanh Khê"},
      {"code": "1503", "name": "Quận Sơn Trà"},
      {"code": "1504", "name": "Quận Ngũ Hành Sơn"},
      {"code": "1505", "name": "Quận Liên Chiểu"},
      {"code": "1506", "name": "Quận Cẩm Lệ"},
      {"code": "1507", "name": "Huyện Hòa Vang"},
      {"code": "1508", "name": "Huyện Hoàng Sa"}
    ],
    "19": [
      {"code": "1901", "name": "Thành phố Biên Hòa"},
      {"code": "1902", "name": "Thành phố Long Khánh"},
      {"code": "1903", "name": "Huyện Cẩm Mỹ"},
      {"code": "1904", "name": "Huyện Định Quán"},
      {"code": "1905", "name": "Huyện Long Thành"},
      {"code": "1906", "name": "Huyện Nhơn Trạch"},
      {"code": "1907", "name": "Huyện Tân Phú"},
      {"code": "1908", "name": "Huyện Thống Nhất"},
      {"code": "1909", "name": "Huyện Vĩnh Cửu"},
      {"code": "1910", "name": "Huyện Xuân Lộc"}
    ],
    "24": [
      {"code": "2401", "name": "Quận Ba Đình"},
      {"code": "2402", "name": "Quận Hoàn Kiếm"},
      {"code": "2403", "name": "Quận Tây Hồ"},
      {"code": "2404", "name": "Quận Long Biên"},
      {"code": "2405", "name": "Quận Cầu Giấy"},
      {"code": "2406", "name": "Quận Đống Đa"},
      {"code": "2407", "name": "Quận Hai Bà Trưng"},
      {"code": "2408", "name": "Quận Hoàng Mai"},
      {"code": "2409", "name": "Quận Thanh Xuân"},
      {"code": "2410", "name": "Huyện Sóc Sơn"},
      {"code": "2411", "name": "Huyện Đông Anh"},
      {"code": "2412", "name": "Huyện Gia Lâm"},
      {"code": "2413", "name": "Huyện Nam Từ Liêm"},
      {"code": "2414", "name": "Huyện Bắc Từ Liêm"},
      {"code": "2415", "name": "Huyện Mê Linh"},
      {"code": "2416", "name": "Huyện Hà Đông"},
      {"code": "2417", "name": "Huyện Sơn Tây"},
      {"code": "2418", "name": "Huyện Ba Vì"},
      {"code": "2419", "name": "Huyện Phúc Thọ"},
      {"code": "2420", "name": "Huyện Đan Phượng"},
      {"code": "2421", "name": "Huyện Hoài Đức"},
      {"code": "2422", "name": "Huyện Quốc Oai"},
      {"code": "2423", "name": "Huyện Thạch Thất"},
      {"code": "2424", "name": "Huyện Chương Mỹ"},
      {"code": "2425", "name": "Huyện Thanh Oai"},
      {"code": "2426", "name": "Huyện Thường Tín"},
      {"code": "2427", "name": "Huyện Phú Xuyên"},
      {"code": "2428", "name": "Huyện Ứng Hòa"},
      {"code": "2429", "name": "Huyện Mỹ Đức"}
    ],
    "27": [
      {"code": "2701", "name": "Quận Hồng Bàng"},
      {"code": "2702", "name": "Quận Ngô Quyền"},
      {"code": "2703", "name": "Quận Lê Chân"},
      {"code": "2704", "name": "Quận Hải An"},
      {"code": "2705", "name": "Quận Kiến An"},
      {"code": "2706", "name": "Quận Đồ Sơn"},
      {"code": "2707", "name": "Quận Dương Kinh"},
      {"code": "2708", "name": "Huyện Thuỷ Nguyên"},
      {"code": "2709", "name": "Huyện An Dương"},
      {"code": "2710", "name": "Huyện An Lão"},
      {"code": "2711", "name": "Huyện Kiến Thuỵ"},
      {"code": "2712", "name": "Huyện Tiên Lãng"},
      {"code": "2713", "name": "Huyện Vĩnh Bảo"},
      {"code": "2714", "name": "Huyện Cát Hải"},
      {"code": "2715", "name": "Huyện Bạch Long Vĩ"}
    ],
    "35": [
      {"code": "3501", "name": "Thành phố Đà Lạt"},
      {"code": "3502", "name": "Thành phố Bảo Lộc"},
      {"code": "3503", "name": "Huyện Đam Rông"},
      {"code": "3504", "name": "Huyện Lạc Dương"},
      {"code": "3505", "name": "Huyện Lâm Hà"},
      {"code": "3506", "name": "Huyện Đơn Dương"},
      {"code": "3507", "name": "Huyện Đức Trọng"},
      {"code": "3508", "name": "Huyện Đại Từ"},
      {"code": "3509", "name": "Huyện Định Quán"},
      {"code": "3510", "name": "Huyện Cát Tiên"},
      {"code": "3511", "name": "Huyện Bảo Lâm"}
    ],
    "40": [
      {"code": "4001", "name": "Thành phố Vinh"},
      {"code": "4002", "name": "Thị xã Cửa Lò"},
      {"code": "4003", "name": "Thị xã Thái Hoà"},
      {"code": "4004", "name": "Huyện Quế Phong"},
      {"code": "4005", "name": "Huyện Quỳ Châu"},
      {"code": "4006", "name": "Huyện Kỳ Sơn"},
      {"code": "4007", "name": "Huyện Tương Dương"},
      {"code": "4008", "name": "Huyện Nghĩa Đàn"},
      {"code": "4009", "name": "Huyện Quỳ Hợp"},
      {"code": "4010", "name": "Huyện Quỳnh Lưu"},
      {"code": "4011", "name": "Huyện Con Cuông"},
      {"code": "4012", "name": "Huyện Tân Kỳ"},
      {"code": "4013", "name": "Huyện Anh Sơn"},
      {"code": "4014", "name": "Huyện Diễn Châu"},
      {"code": "4015", "name": "Huyện Yên Thành"},
      {"code": "4016", "name": "Huyện Đô Lương"},
      {"code": "4017", "name": "Huyện Thanh Chương"},
      {"code": "4018", "name": "Huyện Nghi Lộc"},
      {"code": "4019", "name": "Huyện Nam Đàn"},
      {"code": "4020", "name": "Huyện Hưng Nguyên"}
    ],
    "48": [
      {"code": "4801", "name": "Thành phố Hạ Long"},
      {"code": "4802", "name": "Thành phố Móng Cái"},
      {"code": "4803", "name": "Thành phố Cẩm Phả"},
      {"code": "4804", "name": "Thành phố Uông Bí"},
      {"code": "4805", "name": "Thị xã Bình Long"},
      {"code": "4806", "name": "Huyện Vân Đồn"},
      {"code": "4807", "name": "Huyện Tiên Yên"},
      {"code": "4808", "name": "Huyện Ba Chẽ"},
      {"code": "4809", "name": "Huyện Đầm Hà"},
      {"code": "4810", "name": "Huyện Hải Hà"},
      {"code": "4811", "name": "Huyện Quảng Ninh"},
      {"code": "4812", "name": "Huyện Đông Triều"},
      {"code": "4813", "name": "Huyện Cô Tô"}
    ],
    "55": [
      {"code": "5501", "name": "Thành phố Thanh Hóa"},
      {"code": "5502", "name": "Thị xã Bỉm Sơn"},
      {"code": "5503", "name": "Thị xã Sầm Sơn"},
      {"code": "5504", "name": "Huyện Mường Lát"},
      {"code": "5505", "name": "Huyện Quan Hóa"},
      {"code": "5506", "name": "Huyện Bá Thước"},
      {"code": "5507", "name": "Huyện Quan Sơn"},
      {"code": "5508", "name": "Huyện Lang Chánh"},
      {"code": "5509", "name": "Huyện Ngọc Lặc"},
      {"code": "5510", "name": "Huyện Cẩm Thủy"},
      {"code": "5511", "name": "Huyện Thạch Thành"},
      {"code": "5512", "name": "Huyện Hà Trung"},
      {"code": "5513", "name": "Huyện Vĩnh Lộc"},
      {"code": "5514", "name": "Huyện Yên Định"},
      {"code": "5515", "name": "Huyện Thọ Xuân"},
      {"code": "5516", "name": "Huyện Thường Xuân"},
      {"code": "5517", "name": "Huyện Tĩnh Gia"},
      {"code": "5518", "name": "Huyện Thiệu Hóa"},
      {"code": "5519", "name": "Huyện Hoằng Hóa"},
      {"code": "5520", "name": "Huyện Hậu Lộc"},
      {"code": "5521", "name": "Huyện Nga Sơn"},
      {"code": "5522", "name": "Huyện Như Xuân"},
      {"code": "5523", "name": "Huyện Như Thanh"},
      {"code": "5524", "name": "Huyện Nông Cống"},
      {"code": "5525", "name": "Huyện Đông Sơn"},
      {"code": "5526", "name": "Huyện Quảng Xương"},
      {"code": "5527", "name": "Huyện Tứ Xương"}
    ],
    "56": [
      {"code": "5601", "name": "Thành phố Huế"},
      {"code": "5602", "name": "Thị xã Hương Thủy"},
      {"code": "5603", "name": "Thị xã Hương Trà"},
      {"code": "5604", "name": "Huyện Phong Điền"},
      {"code": "5605", "name": "Huyện Quảng Điền"},
      {"code": "5606", "name": "Huyện Phú Vang"},
      {"code": "5607", "name": "Huyện Phú Lộc"},
      {"code": "5608", "name": "Huyện A Lưới"},
      {"code": "5609", "name": "Huyện Nam Đông"}
    ],
    "58": [
      {"code": "5801", "name": "Quận 1"},
      {"code": "5802", "name": "Quận 2"},
      {"code": "5803", "name": "Quận 3"},
      {"code": "5804", "name": "Quận 4"},
      {"code": "5805", "name": "Quận 5"},
      {"code": "5806", "name": "Quận 6"},
      {"code": "5807", "name": "Quận 7"},
      {"code": "5808", "name": "Quận 8"},
      {"code": "5809", "name": "Quận 9"},
      {"code": "5810", "name": "Quận 10"},
      {"code": "5811", "name": "Quận 11"},
      {"code": "5812", "name": "Quận 12"},
      {"code": "5813", "name": "Quận Bình Thạnh"},
      {"code": "5814", "name": "Quận Tân Bình"},
      {"code": "5815", "name": "Quận Tân Phú"},
      {"code": "5816", "name": "Quận Phú Nhuận"},
      {"code": "5817", "name": "Quận Thủ Đức"},
      {"code": "5818", "name": "Quận Gò Vấp"},
      {"code": "5819", "name": "Quận Bình Tân"},
      {"code": "5820", "name": "Huyện Củ Chi"},
      {"code": "5821", "name": "Huyện Hóc Môn"},
      {"code": "5822", "name": "Huyện Bình Chánh"},
      {"code": "5823", "name": "Huyện Nhà Bè"},
      {"code": "5824", "name": "Huyện Cần Giờ"}
    ]
  },
  "wards": {
    "0101": [
      {"code": "010101", "name": "Phường Mỹ Bình"},
      {"code": "010102", "name": "Phường Mỹ Long"},
      {"code": "010103", "name": "Phường Đông Xuyên"},
      {"code": "010104", "name": "Phường Mỹ Xuyên"},
      {"code": "010105", "name": "Phường Bình Đức"},
      {"code": "010106", "name": "Phường Bình Khánh"},
      {"code": "010107", "name": "Phường Mỹ Phước"},
      {"code": "010108", "name": "Phường Mỹ Quý"},
      {"code": "010109", "name": "Phường Mỹ Thới"},
      {"code": "010110", "name": "Phường Mỹ Thạnh"},
      {"code": "010111", "name": "Phường Mỹ Hòa"},
      {"code": "010112", "name": "Xã Mỹ Khánh"},
      {"code": "010113", "name": "Xã Mỹ Hoà Hưng"}
    ],
    "0205": [
      {"code": "020501", "name": "Thị trấn Đất Đỏ"},
      {"code": "020502", "name": "Xã Láng Dài"},
      {"code": "020503", "name": "Xã Lộc An"},
      {"code": "020504", "name": "Xã Phước Hội"},
      {"code": "020505", "name": "Xã Phước Long Thọ"},
      {"code": "020506", "name": "Xã Long Mỹ"},
      {"code": "020507", "name": "Xã Long Tân"}
    ],
    "1501": [
      {"code": "150101", "name": "Phường Thanh Bình"},
      {"code": "150102", "name": "Phường Thuận Phước"},
      {"code": "150103", "name": "Phường Thạch Thang"},
      {"code": "150104", "name": "Phường Hải Châu I"},
      {"code": "150105", "name": "Phường Hải Châu II"},
      {"code": "150106", "name": "Phường Phước Ninh"},
      {"code": "150107", "name": "Phường Hòa Thuận Đông"},
      {"code": "150108", "name": "Phường Hòa Thuận Tây"},
      {"code": "150109", "name": "Phường Nam Dương"},
      {"code": "150110", "name": "Phường Bình Hiên"},
      {"code": "150111", "name": "Phường Hòa Cường Bắc"},
      {"code": "150112", "name": "Phường Hòa Cường Nam"}
    ],
    "2401": [
      {"code": "240101", "name": "Phường Phúc Xá"},
      {"code": "240102", "name": "Phường Trúc Bạch"},
      {"code": "240103", "name": "Phường Vĩnh Phúc"},
      {"code": "240104", "name": "Phường Cống Vị"},
      {"code": "240105", "name": "Phường Liễu Giai"},
      {"code": "240106", "name": "Phường Nguyễn Trung Trực"},
      {"code": "240107", "name": "Phường Quán Thánh"},
      {"code": "240108", "name": "Phường Ngọc Hà"},
      {"code": "240109", "name": "Phường Điện Biên"},
      {"code": "240110", "name": "Phường Đội Cấn"},
      {"code": "240111", "name": "Phường Ngọc Khánh"},
      {"code": "240112", "name": "Phường Kim Mã"},
      {"code": "240113", "name": "Phường Giảng Võ"},
      {"code": "240114", "name": "Phường Thành Công"}
    ],
    "2402": [
      {"code": "240201", "name": "Phường Phúc Tân"},
      {"code": "240202", "name": "Phường Đồng Xuân"},
      {"code": "240203", "name": "Phường Hàng Mã"},
      {"code": "240204", "name": "Phường Hàng Buồm"},
      {"code": "240205", "name": "Phường Hàng Đào"},
      {"code": "240206", "name": "Phường Hàng Bồ"},
      {"code": "240207", "name": "Phường Cửa Đông"},
      {"code": "240208", "name": "Phường Lý Thái Tổ"},
      {"code": "240209", "name": "Phường Hàng Bạc"},
      {"code": "240210", "name": "Phường Hàng Gai"},
      {"code": "240211", "name": "Phường Chương Dương"},
      {"code": "240212", "name": "Phường Hàng Trống"},
      {"code": "240213", "name": "Phường Cửa Nam"},
      {"code": "240214", "name": "Phường Hàng Bông"},
      {"code": "240215", "name": "Phường Tràng Tiền"},
      {"code": "240216", "name": "Phường Trần Hưng Đạo"},
      {"code": "240217", "name": "Phường Phan Chu Trinh"},
      {"code": "240218", "name": "Phường Hàng Bài"}
    ],
    "2405": [
      {"code": "240501", "name": "Phường Nghĩa Đô"},
      {"code": "240502", "name": "Phường Nghĩa Tân"},
      {"code": "240503", "name": "Phường Mai Dịch"},
      {"code": "240504", "name": "Phường Dịch Vọng"},
      {"code": "240505", "name": "Phường Dịch Vọng Hậu"},
      {"code": "240506", "name": "Phường Quan Hoa"},
      {"code": "240507", "name": "Phường Yên Hoà"},
      {"code": "240508", "name": "Phường Trung Hoà"},
      {"code": "240509", "name": "Phường Cát Linh"},
      {"code": "240510", "name": "Phường Văn Miếu"},
      {"code": "240511", "name": "Phường Quốc Tử Giám"},
      {"code": "240512", "name": "Phường Láng Thượng"},
      {"code": "240513", "name": "Phường Ô Chợ Dừa"},
      {"code": "240514", "name": "Phường Văn Chương"},
      {"code": "240515", "name": "Phường Hàng Bột"},
      {"code": "240516", "name": "Phường Láng Hạ"},
      {"code": "240517", "name": "Phường Khâm Thiên"},
      {"code": "240518", "name": "Phường Thổ Quan"},
      {"code": "240519", "name": "Phường Nam Đồng"},
      {"code": "240520", "name": "Phường Trung Phụng"},
      {"code": "240521", "name": "Phường Quang Trung"},
      {"code": "240522", "name": "Phường Trung Liệt"},
      {"code": "240523", "name": "Phường Phương Liên"},
      {"code": "240524", "name": "Phường Thịnh Quang"},
      {"code": "240525", "name": "Phường Trung Tự"},
      {"code": "240526", "name": "Phường Kim Liên"},
      {"code": "240527", "name": "Phường Phương Mai"},
      {"code": "240528", "name": "Phường Ngã Tư Sở"},
      {"code": "240529", "name": "Phường Khương Thượng"}
    ],
    "5515": [
      {"code": "551501", "name": "Thị trấn Thọ Xuân"},
      {"code": "551502", "name": "Xã Bắc Lương"},
      {"code": "551503", "name": "Xã Nam Giang"},
      {"code": "551504", "name": "Xã Xuân Phong"},
      {"code": "551505", "name": "Xã Thọ Lộc"},
      {"code": "551506", "name": "Xã Xuân Trường"},
      {"code": "551507", "name": "Xã Xuân Hòa"},
      {"code": "551508", "name": "Xã Thọ Hải"},
      {"code": "551509", "name": "Xã Tây Hồ"},
      {"code": "551510", "name": "Xã Xuân Giang"},
      {"code": "551511", "name": "Xã Xuân Sinh"},
      {"code": "551512", "name": "Xã Xuân Hưng"},
      {"code": "551513", "name": "Xã Thọ Diên"},
      {"code": "551514", "name": "Xã Thọ Lâm"},
      {"code": "551515", "name": "Xã Thọ Xương"},
      {"code": "551516", "name": "Xã Xuân Bái"},
      {"code": "551517", "name": "Xã Xuân Phú"},
      {"code": "551518", "name": "Xã Xuân Thắng"},
      {"code": "551519", "name": "Xã Xuân Lam"},
      {"code": "551520", "name": "Xã Xuân Thiên"},
      {"code": "551521", "name": "Xã Thọ Minh"},
      {"code": "551522", "name": "Xã Xuân Châu"},
      {"code": "551523", "name": "Xã Thọ Lập"},
      {"code": "551524", "name": "Xã Quảng Phú"},
      {"code": "551525", "name": "Xã Xuân Tín"},
      {"code": "551526", "name": "Xã Phú Xuân"},
      {"code": "551527", "name": "Xã Xuân Lai"},
      {"code": "551528", "name": "Xã Xuân Lập"},
      {"code": "551529", "name": "Xã Thọ Thắng"},
      {"code": "551530", "name": "Xã Xuân Minh"},
      {"code": "551531", "name": "Xã Xuân Tân"},
      {"code": "551532", "name": "Xã Xuân Vinh"},
      {"code": "551533", "name": "Xã Thọ Trường"}
    ],
    "5801": [
      {"code": "580101", "name": "Phường Bến Nghé"},
      {"code": "580102", "name": "Phường Bến Thành"},
      {"code": "580103", "name": "Phường Cầu Kho"},
      {"code": "580104", "name": "Phường Cầu Ông Lãnh"},
      {"code": "580105", "name": "Phường Cô Giang"},
      {"code": "580106", "name": "Phường Đa Kao"},
      {"code": "580107", "name": "Phường Nguyễn Cư Trinh"},
      {"code": "580108", "name": "Phường Nguyễn Thái Bình"},
      {"code": "580109", "name": "Phường Phạm Ngũ Lão"},
      {"code": "580110", "name": "Phường Tân Định"}
    ],
    "5802": [
      {"code": "580201", "name": "Phường An Phú Đông"},
      {"code": "580202", "name": "Phường An Khánh"},
      {"code": "580203", "name": "Phường Bình An"},
      {"code": "580204", "name": "Phường Bình Khánh"},
      {"code": "580205", "name": "Phường Bình Trưng Đông"},
      {"code": "580206", "name": "Phường Bình Trưng Tây"},
      {"code": "580207", "name": "Phường Cát Lái"},
      {"code": "580208", "name": "Phường Thạnh Mỹ Lợi"},
      {"code": "580209", "name": "Phường Thảo Điền"},
      {"code": "580210", "name": "Phường Thủ Thiêm"}
    ],
    "5803": [
      {"code": "580301", "name": "Phường Võ Thị Sáu"},
      {"code": "580302", "name": "Phường Đa Kao"},
      {"code": "580303", "name": "Phường Cô Giang"},
      {"code": "580304", "name": "Phường Nguyễn Thái Bình"},
      {"code": "580305", "name": "Phường Phạm Ngũ Lão"},
      {"code": "580306", "name": "Phường Cầu Kho"},
      {"code": "580307", "name": "Phường Cầu Ông Lãnh"},
      {"code": "580308", "name": "Phường Bến Nghé"},
      {"code": "580309", "name": "Phường Bến Thành"},
      {"code": "580310", "name": "Phường Tân Định"}
    ],
    "5813": [
      {"code": "581301", "name": "Phường 1"},
      {"code": "581302", "name": "Phường 2"},
      {"code": "581303", "name": "Phường 3"},
      {"code": "581304", "name": "Phường 5"},
      {"code": "581305", "name": "Phường 6"},
      {"code": "581306", "name": "Phường 7"},
      {"code": "581307", "name": "Phường 11"},
      {"code": "581308", "name": "Phường 12"},
      {"code": "581309", "name": "Phường 13"},
      {"code": "581310", "name": "Phường 14"},
      {"code": "581311", "name": "Phường 15"},
      {"code": "581312", "name": "Phường 17"},
      {"code": "581313", "name": "Phường 19"},
      {"code": "581314", "name": "Phường 21"},
      {"code": "581315", "name": "Phường 22"},
      {"code": "581316", "name": "Phường 24"},
      {"code": "581317", "name": "Phường 25"},
      {"code": "581318", "name": "Phường 26"},
      {"code": "581319", "name": "Phường 27"},
      {"code": "581320", "name": "Phường 28"}
    ]
  }
}
